manuscript_evidence,script,primary_output,status
Dataset counts / chronological protocol,src/01_validate_v3_dataset.py,data/greenhouse_model_master_v3_correct_nasa.csv,reproducible
Modern LSTM/GRU/TCN/Transformer baselines,src/02_train_modern_baselines.py,results/modern_baseline_metrics_reproduced.csv,retrainable
Physics timescale adequacy (1/3/6/12/24 h),src/03_fit_greybox_multiscale.py,results/greybox_multiscale_reproduced.csv,exactly verified
Fixed-physics prediction–consistency trade-off,src/04_train_fixed_physics_and_gradient_diagnostics.py,results/fixed_physics_prediction_metrics_reproduced.csv,retrainable
Gradient cosine / norm imbalance,src/04_train_fixed_physics_and_gradient_diagnostics.py,results/gradient_conflict_diagnostics_reproduced.csv,retrainable; formal reference archived
NASA predictor sensitivity,src/05_nasa_boundary_uncertainty.py,results/nasa_boundary_predictor_recomputed.csv,retrainable from 04 checkpoint
NASA grey-box sensitivity,src/05_nasa_boundary_uncertainty.py,results/nasa_boundary_greybox_recomputed.csv,verified
Five-seed mean ± SD,src/06_multiseed_statistics.py,results/multiseed_summary_recomputed.csv,exactly recomputable from archived predictions
Nested seed/day bootstrap + Wilcoxon-Holm,src/06_multiseed_statistics.py,results/multiseed_significance_recomputed.csv,exactly verified
